Country,Fuel Type,2015,2016,2017,2018,2019,2020,2021,2022,2023,2024
Algeria,Diesel,13.77,18.76,20.42,23.06,23.06,26.53,29.01,29.01,29.01,29.01
Algeria,Petrol,21.2,28.45,32.69,38.95,38.95,41.73,43.71,45.97,45.97,45.97
Angola,Diesel,90.0,135.0,135.0,135.0,135.0,135.0,135.0,135.0,135.0,183.75
Argentina,Diesel,13.7,24.11,20.54,30.36,47.18,60.94,95.37,162.77,339.13,1141.57
Argentina,Petrol,12.58,19.26,20.02,31.18,45.01,58.84,93.91,137.95,279.5,1030.54
Aruba,Diesel,1.39,1.39,1.47,1.76,1.77,1.45,1.8,2.63,2.36,2.19
Australia,Diesel,1.29,1.18,1.3,1.49,1.48,1.22,1.48,2.06,2.02,1.95
Australia,Petrol,1.28,1.16,1.28,1.43,1.42,1.21,1.46,1.91,1.92,1.94
Austria,Diesel,1.09,1.0,1.09,1.22,1.21,1.03,1.23,1.9,1.68,1.65
Austria,Petrol,1.18,1.1,1.18,1.27,1.24,1.08,1.31,1.85,1.63,1.62
Bahamas,Diesel,1.03,0.95,0.96,1.17,1.24,1.03,1.21,1.52,1.51,1.51
Bahamas,Petrol,1.08,0.99,1.04,1.16,1.18,1.06,1.25,1.58,1.47,1.49
Bangladesh,Diesel,65.0,65.0,65.0,65.0,65.0,66.25,80.0,94.92,109.0,106.4
Bangladesh,Petrol,92.67,93.33,91.33,92.0,91.67,90.8,92.08,103.0,127.33,124.5
Barbados,Diesel,2.06,2.2,2.34,2.9,3.04,2.64,3.03,3.79,3.53,3.47
Barbados,Petrol,2.775,2.89,3.005,3.58,3.69,3.22,3.75,4.32,4.1,4.1
Belarus,Diesel,1.23,1.24,1.3,1.41,1.63,1.82,2.08,2.44,2.36,2.36
Belarus,Petrol,1.15,1.17,1.22,1.33,1.53,1.72,1.98,2.44,2.36,2.36
Benin,Diesel,394.375,440.0,435.96,488.435,540.91,512.5,500.0,662.0,700.0,700.0
Benin,Petrol,339.5416666666667,348.75,331.92,387.52,464.61,485.92,449.62,539.0,624.46,645.5
Bhutan,Diesel,47.11,48.24,54.76,64.21,63.46,61.94,76.51,102.76,82.43,82.35
Bhutan,Petrol,56.57,55.36,60.85,67.76,65.49,63.14,79.8,98.67,82.02,82.72
Bosnia & Herzegovina,Diesel,1.755,1.8,1.89,2.21,2.28,1.94,2.13,3.13,2.75,2.55
Botswana,Diesel,676.9950000000001,722.1625,767.33,948.0,890.335,832.67,979.42,1611.08,1578.92,1559.62
Botswana,Petrol,739.995,766.1625,792.33,897.0,826.67,1036.2,1554.5,1509.17,1449.92,1490.83
Brazil,Diesel,2.83,3.01,3.16,3.49,3.54,3.31,4.61,6.73,5.94,5.97
Brazil,Petrol,3.34,3.72,3.95,4.45,4.38,4.19,5.84,6.6,5.55,5.77
Bulgaria,Diesel,2.07,1.89,1.98,2.2,2.24,1.86,2.15,3.07,2.7,2.65
Bulgaria,Petrol,2.08,1.9,2.0,2.16,2.13,1.8,2.13,2.84,2.61,2.6
Burkina Faso,Diesel,593.5,528.0,529.58,582.0,577.0,540.0,540.0,634.58,675.0,675.0
Cabo Verde,Diesel,83.135,85.17,89.24,103.29,101.52,80.41,97.52,150.33,132.1,121.95
Cabo Verde,Petrol,103.72,106.93,113.35,125.37,122.02,102.72,124.89,159.31,143.82,138.95
Cambodia,Diesel,0.88,0.896,0.9120000000000001,0.9279999999999999,0.9440000000000002,0.96,0.96,1.27,1.06,0.98
Cambodia,Petrol,0.98,0.9940000000000001,1.008,1.0220000000000002,1.036,1.05,1.05,1.19,1.05,1.01
Cameroon,Diesel,615.0,575.0,575.0,575.0,575.0,575.0,575.0,580.0,736.67,828.0
Cameroon,Petrol,630.0,630.0,630.0,630.0,630.0,630.0,630.0,635.0,740.0,840.0
Canada,Diesel,92.86000000000001,97.62,107.14,125.58,119.0,98.47,125.98,192.46,168.45,166.28
Canada,Petrol,102.18,106.41,114.87,129.2,120.41,104.15,137.88,173.97,160.41,164.6
Cayman Islands,Diesel,4.07,4.135,4.2,4.46,4.5,4.08,4.44,6.13,5.81,5.48
Central African Republic,Diesel,855.0,855.0,855.0,855.0,855.0,855.0,855.0,855.0,1400.0,1350.0
Central African Republic,Petrol,865.0,865.0,865.0,865.0,865.0,865.0,865.0,865.0,1200.0,1100.0
Chile,Diesel,519.23,454.76,499.04,562.9,595.66,547.01,623.59,967.8,1032.55,1035.15
Chile,Petrol,728.32,714.28,735.25,807.51,802.72,752.61,878.07,1182.26,1257.69,1292.01
China,Diesel,5.85,5.65,6.15,7.03,6.77,5.81,6.85,8.19,7.85,7.74
China,Petrol,6.46,6.23,6.76,7.66,7.39,6.34,7.49,8.96,8.59,8.47
Colombia,Diesel,7759.5,7549.33,7670.67,8388.58,9163.67,8673.5,8605.25,9206.58,9082.33,9445.5
Colombia,Petrol,8093.58,7991.67,8426.58,9132.58,9638.25,8763.5,8873.33,9626.5,12364.5,15296.38
Congo (Dem. Rep.),Petrol,2240.0,2240.0,2240.0,2240.0,2240.0,2076.67,1995.0,2396.67,2951.67,3268.87
Costa Rica,Diesel,445.67,429.58,470.92,540.83,554.42,476.5,584.0,795.58,639.67,614.92
Costa Rica,Petrol,560.5,537.92,576.92,642.08,634.33,561.42,692.67,860.5,739.75,720.5
Croatia,Diesel,8.83,8.23,8.87,9.65,9.66,8.88,10.27,12.98,1.45,1.47
Cote d'Ivoire,Diesel,557.085,564.9325,572.78,604.17,613.33,598.33,611.25,625.0,670.0,715.0
Cote d'Ivoire,Petrol,558.41,566.8699999999999,575.33,609.17,623.75,602.5,611.25,711.67,826.67,875.0
Cyprus,Diesel,1.24,1.15,1.21,1.31,1.26,1.1,1.3,1.67,1.52,1.54
Cyprus,Petrol,1.23,1.15,1.21,1.28,1.21,1.06,1.25,1.5,1.41,1.44
Czech Republic,Diesel,29.98,27.17,28.7,31.06,30.82,27.05,30.56,42.51,35.39,36.57
Czech Republic,Petrol,30.7,28.66,29.47,31.25,30.98,27.34,32.84,41.76,37.66,38.16
DRC,Diesel,2230.0,2230.0,2230.0,2230.0,2230.0,2066.67,1985.0,2386.67,2907.17,3276.18
Denmark,Diesel,9.45,8.88,9.45,10.37,10.22,9.36,10.87,14.73,12.8,12.9
Dominican Republic,Diesel,132.135,141.2,159.33,189.72,179.39,154.43,210.79,229.48,230.47,230.35
Dominican Republic,Petrol,164.26999999999998,175.83,198.95,221.16,212.76,190.85,237.15,272.79,274.19,272.5
Ecuador,Diesel,1.03,1.03,1.03,1.03,1.03,1.13,1.66,1.83,1.75,1.79
Ecuador,Petrol,1.48,1.48,1.48,1.58,1.85,1.84,2.23,2.78,2.4,2.46
Egypt,Diesel,1.8,1.96,2.5,4.75,6.58,6.75,6.75,7.19,8.0,9.17
Egypt,Petrol,2.6,2.94,4.25,6.56,7.88,7.38,7.63,8.81,9.88,10.75
El Salvador,Diesel,2.83,2.37,2.66,3.09,2.98,2.46,3.22,4.36,3.95,3.83
El Salvador,Petrol,3.31,2.84,3.13,3.52,3.31,2.81,3.78,4.42,4.3,4.19
Equatorial Guinea,Diesel,350.0,350.0,350.0,350.0,350.0,350.0,350.0,450.0,470.0,470.0
Equatorial Guinea,Petrol,480.0,480.0,480.0,480.0,480.0,480.0,480.0,492.5,495.0,495.0
Estonia,Diesel,1.07,1.02,1.13,1.3,1.32,1.14,1.29,1.76,1.59,1.55
Ethiopia,Diesel,10.155,12.22,16.35,16.47,18.51,18.75,23.17,42.78,72.44,83.38
Ethiopia,Petrol,14.51,15.93,18.77,18.85,21.08,21.53,25.96,42.94,69.26,82.48
Fiji,Diesel,1.6,1.47,1.59,1.87,1.86,1.6,1.82,2.52,2.4,2.41
Fiji,Petrol,1.93,1.82,1.95,2.15,2.05,1.87,2.25,2.78,2.63,2.71
Finland,Diesel,1.27,1.19,1.3,1.43,1.42,1.28,1.5,2.11,1.9,1.77
Finland,Petrol,1.44,1.36,1.45,1.52,1.5,1.38,1.64,2.11,1.9,1.82
French Guiana,Diesel,1.4150000000000003,1.4225,1.43,1.43,1.46,1.29,1.49,1.86,1.78,1.8
Gabon,Diesel,441.67,495.0,528.75,595.42,618.33,593.75,565.0,575.0,575.0,575.0
Gabon,Petrol,512.5,561.25,593.75,640.42,668.75,643.75,605.0,605.0,605.0,605.0
Gambia,Diesel,40.99,43.11,45.23,53.71,53.27,46.09,51.11,66.64,72.18,72.18
Gambia,Petrol,44.465,45.8675,47.27,52.88,51.44,45.11,53.2,71.34,74.56,74.56
Germany,Diesel,1.14,1.06,1.14,1.27,1.24,1.09,1.37,1.92,1.71,1.68
Ghana,Diesel,3.84,4.035,4.23,5.01,5.34,4.97,6.2,13.65,15.86,14.98
Ghana,Petrol,3.9249999999999994,4.0874999999999995,4.25,4.9,5.23,4.9,6.21,11.84,15.16,14.12
Greece,Diesel,1.19,1.13,1.28,1.4,1.38,1.21,1.4,1.89,1.66,1.63
Greece,Petrol,1.49,1.44,1.53,1.61,1.59,1.43,1.67,2.05,1.87,1.85
Grenada,Diesel,2.6,2.5,2.61,2.94,3.0,2.68,3.0,3.81,3.48,3.45
Grenada,Petrol,2.9,2.83,3.0,3.31,3.17,2.83,3.32,4.02,3.58,3.68
Guatemala,Diesel,17.46,16.29,17.81,20.4,20.3,16.48,21.84,29.98,26.47,25.43
Guatemala,Petrol,21.37,20.18,22.25,24.38,23.36,19.33,25.93,31.86,29.62,29.35
Honduras,Diesel,65.4,68.475,71.55,83.85,81.31,65.78,80.74,110.77,94.93,87.77
Honduras,Petrol,75.72,78.075,80.43,89.85,86.14,74.51,92.25,107.78,96.51,92.26
Hungary,Diesel,343.43,330.14,354.54,393.36,394.38,362.46,442.22,654.88,602.4,604.83
Hungary,Petrol,346.72,326.65,343.83,371.84,375.25,348.67,440.0,593.59,598.6,598.83
Iceland,Diesel,183.1,173.34,171.74,200.08,206.68,197.8,218.4,293.73,293.5,296.7
Iceland,Petrol,190.72,185.08,185.73,212.98,217.43,205.81,230.13,303.49,300.93,300.05
India,Diesel,51.13,54.85,58.75,70.9,68.21,71.62,88.47,91.82,90.25,89.17
India,Petrol,63.13,63.26,69.58,78.02,73.0,79.54,99.19,101.44,98.61,96.53
Indonesia,Diesel,9691.67,7729.17,8012.5,7850.0,9962.5,9612.5,9625.0,15454.17,14860.0,12177.08
Indonesia,Petrol,8116.67,7691.67,8208.33,8950.0,9850.0,9000.0,9150.0,12604.17,13360.0,13550.0
Iran,Diesel,3666.6666666666665,3833.333333333333,4000.0,4166.666666666667,4333.333333333333,4500.0,4500.0,4500.0,4500.0,4500.0
Iran,Petrol,8722.5,9885.0,11047.5,12210.0,12210.0,15000.0,15000.0,15000.0,15000.0,15000.0
Ireland,Diesel,1.25,1.14,1.22,1.34,1.33,1.21,1.38,1.9,1.72,1.72
Ireland,Petrol,1.34,1.26,1.33,1.43,1.41,1.3,1.47,1.84,1.69,1.75
Israel,Diesel,1.42,1.3,1.53,1.99,1.83,1.13,1.59,3.0,2.66,2.66
Italy,Diesel,1.34,1.24,1.35,1.46,1.47,1.29,1.5,1.82,1.77,1.72
Italy,Petrol,1.5,1.42,1.51,1.59,1.57,1.42,1.64,1.82,1.85,1.83
Jamaica,Diesel,105.15,100.86,111.45,130.68,134.42,121.71,139.63,197.63,184.28,181.9
Jamaica,Petrol,108.66,108.01,118.89,134.46,133.45,121.95,150.33,188.19,176.67,178.69
Japan,Diesel,109.83,98.67,107.0,125.7,126.91,117.81,134.0,151.7,153.94,153.5
Japan,Petrol,134.5,122.25,132.83,148.6,146.22,134.57,154.0,170.1,173.0,173.81
Jordan,Diesel,0.48,0.44,0.48,0.6,0.6,0.5,0.57,0.73,0.74,0.73
Jordan,Petrol,0.59,0.56,0.67,0.78,0.76,0.67,0.78,0.95,0.94,0.92
Kazakhstan,Diesel,193.375,196.8125,200.25,203.6875,207.125,210.5625,214.0,252.75,291.5,295.0
Kazakhstan,Petrol,149.375,152.8125,156.25,159.6875,163.125,166.5625,170.0,170.0,196.25,205.0
Kenya,Diesel,83.905,87.22,87.93,103.84,101.83,92.95,107.18,138.78,179.54,178.46
Korea South,Diesel,1299.64,1182.5,1282.8,1394.08,1355.33,1190.13,1391.6,1843.41,1558.8,1538.56
Korea South,Petrol,1510.43,1402.63,1491.3,1581.37,1472.25,1381.39,1590.57,1812.89,1633.99,1649.8
Kuwait,Diesel,0.11,0.1,0.11,0.11,0.11,0.11,0.11,0.11,0.11,0.11
Kuwait,Petrol,0.07,0.09,0.1,0.1,0.1,0.09,0.1,0.1,0.1,0.1
Kyrgyzstan,Diesel,38.64,32.22,38.16,42.44,43.27,37.16,46.12,65.88,67.75,70.59
Kyrgyzstan,Petrol,42.51,36.57,39.69,43.34,41.28,34.9,50.15,60.29,58.33,63.4
Lao PDR,Petrol,6636.24,7192.08,7747.92,9285.0,9153.33,8436.25,10491.39,18450.17,21591.25,23831.81
Laos,Diesel,5252.509999999999,5984.17,6715.83,8306.67,8544.17,7711.67,9278.33,18298.4,19739.38,20430.56
Latvia,Diesel,1.05,0.98,1.06,1.21,1.22,1.04,1.22,1.75,1.59,1.6
Latvia,Petrol,1.13,1.08,1.16,1.28,1.27,1.12,1.36,1.79,1.64,1.64
Lebanon,Diesel,17300.0,17200.0,17200.0,17200.0,17200.0,17200.0,17200.0,17200.0,17200.0,17200.0
Lebanon,Petrol,25000.0,24600.0,24600.0,25000.0,25000.0,25000.0,25000.0,25000.0,25000.0,25000.0
Lesotho,Diesel,9.6,9.26,10.23,12.39,13.27,11.59,13.34,21.61,20.89,21.49
Lesotho,Petrol,10.15,10.02,10.59,12.26,12.6,11.54,14.65,19.34,18.42,19.6
Liberia,Diesel,41.849999999999994,61.52499999999999,81.2,120.55,184.47,138.9,163.65,194.84,92.43,840.0
Liberia,Petrol,47.02,64.24499999999999,81.47,115.92,160.26,119.27,132.94,176.75,84.58,763.33
Lithuania,Diesel,1.02,0.94,1.02,1.15,1.13,0.96,1.16,1.7,1.5,1.48
Lithuania,Petrol,1.14,1.07,1.14,1.22,1.19,1.06,1.28,1.65,1.51,1.48
Luxembourg,Diesel,1.02,0.94,1.0,1.1,1.1,0.99,1.16,1.67,1.49,1.47
Luxembourg,Petrol,1.16,1.09,1.15,1.19,1.18,1.07,1.33,1.65,1.53,1.54
Madagascar,Diesel,2965.5,3070.0,3174.5,3384.83,3462.5,3400.0,3400.0,4025.0,4900.0,4900.0
Madagascar,Petrol,3507.33,3640.0,3772.67,4034.75,4141.67,4100.0,4100.0,4850.0,5900.0,5900.0
Malawi,Diesel,786.46,815.8,925.37,878.55,732.36,941.57,1645.0,2055.67,2734.0,2734.0
Malawi,Petrol,782.16,793.8,819.33,836.85,821.67,801.38,1075.0,1586.33,2127.67,2530.0
Malaysia,Diesel,1.96,1.67,2.05,2.18,2.18,1.83,2.15,2.15,2.15,2.83
Malaysia,Petrol,1.95,1.79,2.13,2.2,2.08,1.68,2.05,2.05,2.05,2.05
Maldives,Diesel,12.2,10.23,9.58,10.74,10.97,9.75,10.59,15.11,14.67,13.91
Maldives,Petrol,11.83,9.75,9.31,10.54,10.51,9.0,10.45,14.94,13.88,13.1
Mali,Diesel,637.0,608.5,642.9316666666667,677.3633333333333,711.795,746.2266666666667,780.6583333333333,815.09,806.58,787.5
Mali,Petrol,730.0,710.0,728.8783333333333,747.7566666666667,766.635,785.5133333333333,804.3916666666667,823.27,852.58,837.5
Malta,Diesel,1.29,1.21,1.18,1.23,1.23,1.21,1.21,1.21,1.21,1.21
Malta,Petrol,1.38,1.29,1.31,1.36,1.41,1.34,1.34,1.34,1.34,1.34
Mauritania,Diesel,39.10000000000001,38.78,38.46,38.46,38.46,38.46,38.46,43.68,51.0,51.0
Mauritania,Petrol,42.78,43.21,43.64,43.64,43.64,43.64,43.64,47.96,54.0,54.0
Mauritius,Diesel,38.3,34.0,33.0,38.29,39.38,36.96,39.04,50.71,56.55,63.25
Mauritius,Petrol,46.03,39.29,41.92,48.58,45.21,44.75,51.13,65.63,69.0,66.2
Mexico,Diesel,17.06,19.36,20.07,18.87,20.42,22.22,22.87,24.48,24.48,24.48
Mexico,Petrol,13.525,14.8175,16.11,18.69,19.52,18.05,20.17,21.66,22.17,23.36
Moldova,Diesel,12.245000000000001,13.61125,14.977500000000001,16.34375,17.710000000000004,17.71,17.71,25.93,21.95,20.86
Moldova,Petrol,17.47,16.51,16.92,18.23,18.66,16.22,20.03,26.75,24.58,24.38
Montenegro,Diesel,1.06,0.96,1.09,1.21,1.19,1.0,1.19,1.54,1.43,1.4
Montenegro,Petrol,1.18,1.1,1.24,1.32,1.29,1.13,1.34,1.52,1.52,1.54
Morocco,Diesel,8.81,8.66,9.5,9.75,9.6,8.76,9.66,13.52,12.72,12.77
Morocco,Petrol,9.85,10.05,10.87,11.08,10.8,9.78,11.39,14.28,14.39,14.6
Mozambique,Diesel,34.42,39.34,51.84,62.88,62.91,59.33,60.84,81.33,88.42,91.23
Mozambique,Petrol,42.82,46.7,56.7,65.86,65.25,62.77,66.28,81.43,86.25,86.0
Namibia,Diesel,9.8,10.3,10.8,12.75,13.39,12.04,13.43,20.6,20.78,21.07
Nepal,Diesel,66.44999999999999,71.28500000000001,76.12,85.79,96.81,90.67,108.22,159.15,164.33,154.92
Nepal,Petrol,90.11999999999999,94.935,99.75,109.38,109.02,104.54,125.22,169.83,174.99,167.08
Netherlands,Diesel,1.23,1.13,1.22,1.34,1.34,1.22,1.43,1.96,1.75,1.74
Netherlands,Petrol,1.6,1.5,1.6,1.68,1.7,1.53,1.83,2.15,1.96,1.98
New Zealand,Diesel,1.11,1.05,1.19,1.48,1.52,1.28,1.47,2.27,2.11,1.99
New Zealand,Petrol,1.9,1.84,1.97,2.23,2.26,2.02,2.37,2.78,2.73,2.7
Nicaragua,Diesel,24.19,23.3,25.86,30.2,30.33,26.96,33.58,42.66,40.16,39.69
Nicaragua,Petrol,28.71,26.65,30.22,34.19,33.47,29.98,39.73,47.78,48.06,47.53
Nigeria,Diesel,133.25,150.0,195.0,207.5,225.0,225.0,285.0,725.0,850.0,1150.0
Nigeria,Petrol,87.0,123.33,145.0,145.0,145.0,137.92,165.0,178.67,404.17,610.0
North Macedonia,Diesel,46.86,48.52,50.18,62.26,61.2,52.0,60.5,88.4,76.54,73.49
North Macedonia,Petrol,64.22,62.13,63.13,69.54,67.62,58.0,69.21,87.67,80.5,80.75
Norway,Diesel,12.78,12.56,13.78,15.22,15.65,14.18,16.51,21.66,20.44,19.98
Norway,Petrol,14.61,14.54,15.22,16.03,16.15,14.63,17.48,22.06,21.82,21.88
Oman,Petrol,0.14,0.16,0.18,0.21,0.2,0.19,0.21,0.23,0.23,0.23
Pakistan,Diesel,83.79,73.59,81.06,97.38,121.24,100.31,107.74,178.34,230.57,215.08
Pakistan,Petrol,73.76,63.4,70.24,86.785,103.33,98.6,117.65,192.92,275.0,278.0
Panama,Diesel,0.5,0.565,0.63,0.76,0.71,0.54,0.74,1.16,0.97,0.87
Panama,Petrol,0.65,0.6900000000000001,0.73,0.81,0.76,0.62,0.85,1.11,0.99,0.92
Papua New Guinea,Diesel,197.79,229.815,261.84,325.89,322.39,246.9,310.2,425.66,415.49,422.64
Papua New Guinea,Petrol,273.49,292.05,310.61,357.69,343.89,286.87,358.38,442.27,422.3,446.49
Paraguay,Diesel,4653.33,4290.0,4323.33,5068.33,5061.67,4537.5,5682.5,8566.67,8093.33,7616.67
Paraguay,Petrol,5142.5,4592.5,4967.5,5830.83,5761.67,5115.0,6340.0,8547.5,7454.17,6783.33
Peru,Diesel,9.65,8.83,9.75,11.23,11.39,10.59,13.06,16.89,16.85,16.88
Peru,Petrol,10.64,10.14,11.23,12.63,12.39,11.19,14.65,18.9,18.06,17.77
Philippines,Diesel,23.74,28.955,34.17,44.6,43.72,36.53,43.71,72.39,62.48,61.26
Philippines,Petrol,35.8,40.065,44.33,52.86,51.04,45.45,52.74,69.97,63.09,61.73
Poland,Diesel,4.35,3.98,4.35,4.92,4.99,4.2,5.2,7.03,6.32,6.46
Poland,Petrol,4.56,4.28,4.52,4.9,4.93,4.26,5.55,6.54,6.41,6.47
Portugal,Diesel,1.16,1.09,1.21,1.31,1.33,1.23,1.4,1.8,1.58,1.6
Portugal,Petrol,1.38,1.34,1.44,1.53,1.5,1.38,1.63,1.89,1.75,1.74
Qatar,Diesel,1.5,1.43,1.55,1.96,1.95,1.4,1.82,2.05,2.05,2.05
Qatar,Petrol,1.38,1.28,1.65,1.94,1.74,1.28,1.83,2.03,2.03,1.99
Romania,Diesel,5.13,4.64,4.92,5.64,5.77,4.72,5.62,8.08,7.1,7.24
Romania,Petrol,5.32,4.92,5.03,5.55,5.49,4.64,5.7,7.46,6.86,7.06
Russia,Diesel,34.78,35.48,37.89,43.68,46.52,47.78,50.15,54.76,59.39,65.23
Russia,Petrol,33.91,35.66,37.79,42.02,44.41,45.8,48.27,50.62,51.85,55.15
Rwanda,Diesel,912.83,822.0,862.0,1031.5,1048.83,978.17,1022.33,1455.58,1622.67,1637.33
Rwanda,Petrol,912.83,908.67,955.33,1073.33,1051.17,988.5,1086.83,1438.25,1638.25,1656.33
Saint Lucia,Diesel,2.62,2.71,2.8,2.98,2.99,2.54,2.86,3.64,3.62,3.63
Saint Lucia,Petrol,2.9,2.64,2.74,3.06,2.98,2.56,3.03,3.74,3.52,3.65
Saudi Arabia,Diesel,0.25,0.45,0.45,0.47,0.47,0.49,0.52,0.63,0.75,1.15
Saudi Arabia,Petrol,0.53,0.83,0.83,1.73,1.77,1.45,2.16,2.26,2.26,2.26
Senegal,Diesel,690.0,598.75,595.0,595.0,625.0,655.0,655.0,655.0,755.0,755.0
Senegal,Petrol,765.0,670.0,665.0,665.0,665.0,665.0,665.0,665.0,665.0,920.0
Serbia,Diesel,123.33,136.07,148.81,160.45,160.08,148.2,160.07,201.46,194.86,199.66
Sierra Leone,Diesel,3750.0,4875.0,6000.0,7000.0,8000.0,7458.33,9041.67,16.67,24.46,28.92
Sierra Leone,Petrol,3750.0,4875.0,6000.0,7000.0,7708.33,7083.33,9041.67,16.67,24.81,30.33
Singapore,Diesel,1.17,1.06,1.25,1.52,1.56,1.3,1.58,2.37,2.25,2.32
Singapore,Petrol,1.87,1.78,1.96,2.18,2.18,1.97,2.34,2.84,2.71,2.78
Slovakia,Diesel,1.09,0.98,1.09,1.22,1.21,1.05,1.2,1.72,1.56,1.52
Slovakia,Petrol,1.22,1.14,1.22,1.32,1.29,1.14,1.37,1.69,1.58,1.59
Slovenia,Diesel,1.17,1.09,1.18,1.29,1.26,1.04,1.26,1.65,1.49,1.51
Slovenia,Petrol,1.27,1.18,1.25,1.31,1.28,1.05,1.26,1.49,1.41,1.46
South Africa,Diesel,1137.89,1350.99,1388.86,1236.94,1454.47,2179.13,2093.04,1988.04,2150.0,2200.0
South Africa,Petrol,1339.08,1339.08,1339.08,1519.25,1547.75,1449.67,1736.0,2247.67,2276.33,2277.33
Spain,Diesel,1.09,1.01,1.1,1.2,1.21,1.07,1.26,1.69,1.51,1.47
Spain,Petrol,1.23,1.15,1.22,1.29,1.28,1.15,1.4,1.67,1.59,1.59
Sri Lanka,Diesel,96.58,93.67,99.58,110.58,104.92,104.0,107.92,306.67,333.92,332.25
Sri Lanka,Petrol,124.92,119.5,124.75,138.83,137.92,137.0,158.5,373.17,337.58,351.42
Sudan,Diesel,3.47,3.67,4.62,8.08,13.88,20.08,197.83,391.25,488.75,618.0
Sudan,Petrol,4.8,5.42,5.71,11.21,14.63,22.08,187.92,492.25,487.5,790.0
Suriname,Diesel,4.1,4.42,5.27,6.21,6.58,7.31,12.01,21.68,34.52,35.09
Suriname,Petrol,4.28,4.72,5.77,6.59,6.86,7.57,13.63,23.36,36.56,36.43
Sweden,Diesel,13.27,12.8,14.07,15.71,15.82,14.28,17.43,24.3,21.91,18.06
Sweden,Petrol,13.72,13.26,14.23,15.22,15.53,13.9,16.51,20.35,19.54,18.57
Switzerland,Diesel,1.51,1.4,1.53,1.7,1.72,1.55,1.67,2.16,1.96,1.86
Switzerland,Petrol,1.46,1.38,1.47,1.6,1.6,1.4,1.63,1.93,1.81,1.78
Syria,Diesel,130.0,159.58,180.0,180.0,358.46,297.5,860.0,1441.67,4222.5,4222.5
Syrian Arab Republic,Petrol,160.0,197.92,305.5566666666667,413.1933333333334,520.83,450.0,633.33,3106.67,5042.11,5042.11
Taiwan,Diesel,21.28,19.33,21.9,24.81,24.34,19.82,23.36,27.18,27.15,27.35
Taiwan,Petrol,23.63,21.84,24.39,27.16,26.78,22.3,26.47,29.83,29.74,29.71
Tanzania,Diesel,1712.67,1798.0,1883.33,2229.25,2158.75,1861.92,2096.25,2926.58,3058.0,3039.75
Tanzania,Petrol,1900.25,1894.17,2046.25,2337.58,2211.33,1915.0,2211.58,2841.0,3026.08,3109.58
Thailand,Diesel,24.87,22.84,25.43,28.25,26.73,23.11,26.23,32.32,31.7,31.39
Thailand,Petrol,33.15,31.11,33.56,36.25,35.04,30.3,37.38,44.59,45.39,46.24
Tunisia,Diesel,1.668,1.675,1.682,1.689,1.696,1.71,1.78,2.01,2.2,2.2
Tunisia,Petrol,1.4269999999999998,1.436,1.445,1.454,1.463,1.49,1.58,1.79,1.98,1.98
Turkey,Diesel,3.77,3.79,4.69,5.72,6.36,6.01,7.39,23.23,26.73,41.97
Turkey,Petrol,4.3,4.45,5.19,6.23,6.72,6.43,7.67,20.08,27.75,42.92
Uganda,Diesel,2933.51,2640.31,3022.06,3588.41,3776.82,3472.72,3615.52,4358.46,4800.0,4700.0
Uganda,Petrol,3709.97,3365.67,3549.1,4026.23,4085.09,3851.26,4051.88,4953.46,5400.0,5800.0
Ukraine,Diesel,17.0,18.56,22.94,28.35,28.56,23.44,28.11,47.67,50.1,52.53
Ukraine,Petrol,18.66,20.82,24.62,29.25,27.93,22.98,28.33,43.66,47.89,51.82
United Arab Emirates,Petrol,1.61,1.56,1.81,2.2,1.81,1.87,2.2,3.32,2.9,2.76
United Kingdom,Diesel,114.73,110.15,119.86,129.58,131.06,117.38,133.58,177.37,160.77,151.7
United Kingdom,Petrol,110.87,108.62,117.38,124.87,124.61,113.62,129.35,164.26,145.41,142.4
United States,Diesel,0.71,0.61,0.7,0.84,0.81,0.68,0.87,1.3,1.11,1.01
United States,Petrol,2.07,2.19,2.46,2.77,2.65,2.22,3.06,4.01,3.58,3.35
Uruguay,Diesel,47.186,48.29066666666666,49.39533333333333,50.5,50.5,50.5,57.62,66.82,61.59,56.57
Uruguay,Petrol,42.58,45.83,50.64,56.12,56.11,55.12,65.35,76.54,72.48,74.12
Uzbekistan,Diesel,2097.9,2388.67,2679.44,4250.0,4832.35,6685.71,7682.08,12014.58,11812.5,11641.67
Uzbekistan,Petrol,1864.31,2418.82,2973.33,3379.31,4304.35,5267.05,6612.38,8189.93,7422.92,8672.92
Vanuatu,Diesel,106.942,112.3536,117.7652,123.1768,128.5884,134.0,135.8,211.6,191.6,178.88
Venezuela,Diesel,0.048,0.048,0.048,0.0,0.0,0.0,0.09,0.22,0.1,0.04
Venezuela,Petrol,0.06,0.005,0.005,0.0,0.0,0.04,0.3,0.06,0.03,0.03
Vietnam,Diesel,13833.83,11543.0,13511.25,16812.92,16377.92,12349.58,15750.83,23933.75,20279.17,20464.09
Vietnam,Petrol,17799.08,15647.92,17686.25,19965.83,19736.25,14783.33,19688.33,24891.67,23330.42,23677.16
West Bank & Gaza,Diesel,5.34,5.34,5.44,5.85,4.97,4.79,5.21,5.95,6.19,6.24
Zambia,Diesel,10.88,11.58,12.96,14.88,16.2,18.07,25.27,24.59,26.64,29.57
Zambia,Petrol,9.87,10.51,12.54,14.0,15.54,17.62,23.6,23.69,27.13,31.89
Zimbabwe,Diesel,1.32,1.32,1.32,1.34,8.66,34.66,58.97,321.92,2761.45,4325.12
Zimbabwe,Petrol,1.31,1.31,1.36,1.37,8.53,38.29,59.69,297.09,2612.7,1336.47